[
  {
    "productId": "_",
    "title": "_",
    "price": _,
    "image01": "_",
    "image02": "_",
    "image03": "_",
    "category": "_",
    "desc": "_"
  },
  {
    "productId": "01",
    "title": "Chicken Burger",
    "price": 24.0,
    "image01": "/images/product_01.jpg",
    "image02": "/images/product_01.1.jpg",
    "image03": "/images/product_01.3.jpg",
    "category": "Burger",
    "desc": "Savor the juiciness and irresistible flavor of our Chicken Burger. Made with succulent grilled chicken breast, nestled between two soft and toasted buns, and layered with fresh lettuce, tomatoes, and a tangy special sauce. This mouthwatering burger is a perfect blend of savory and satisfying, delivering a delightful taste experience. Order our Chicken Burger now and treat yourself to a delicious and fulfilling meal. "
  },

  {
    "productId": "02",
    "title": "Vegetarian Pizza",
    "price": 115.0,
    "image01": "/images/product_2.1.jpg",
    "image02": "/images/product_2.2.jpg",
    "image03": "/images/product_2.3.jpg",
    "category": "Pizza",
    "desc": "Indulge in the flavorsome delight of our Vegetarian Pizza. Topped with a medley of garden-fresh vegetables, including bell peppers, mushrooms, onions, and juicy tomatoes, all nestled on a crispy crust smothered with tangy tomato sauce and melted cheese. This vegetarian delight is a perfect choice for those seeking a mouthwatering and satisfying pizza experience. Order our Vegetarian Pizza now and enjoy a burst of veggie goodness delivered right to your doorstep."
  },

  {
    "productId": "03",
    "title": "Double Cheese Margherita",
    "price": 110.0,
    "image01": "/images/product_3.1.jpg",
    "image02": "/images/product_3.2.jpg",
    "image03": "/images/product_3.3.jpg",
    "category": "Pizza",
    "desc": "Experience the ultimate cheesy delight with our Double Cheese Margherita pizza. Featuring a classic combination of rich tomato sauce, double the amount of creamy mozzarella cheese, and a sprinkle of aromatic basil leaves on a thin and crispy crust. This pizza is a cheese lover's dream, delivering a perfect harmony of flavors. Order our Double Cheese Margherita and treat yourself to a delightful and cheesy indulgence."
  },

  {
    "productId": "04",
    "title": "Mexican Green Wave",
    "price": 110.0,
    "image01": "/images/product_4.1.jpg",
    "image02": "/images/product_4.2.jpg",
    "image03": "/images/product_4.3.png",
    "category": "Pizza",
    "desc": "Lorem ipsum dolor sit amet consectetur adipisicing elit. Soluta ad et est, fugiat repudiandae neque illo delectus commodi magnam explicabo autem voluptates eaque velit vero facere mollitia. Placeat rem, molestiae error obcaecati enim doloribus impedit aliquam, maiores qui minus neque."
  },

  {
    "productId": "05",
    "title": "Cheese Burger",
    "price": 24.0,
    "image01": "/images/product_04.jpg",
    "image02": "/images/product_08.jpg",
    "image03": "/images/product_09.jpg",
    "category": "Burger",

    "desc": "Featuring a classic combination of rich tomato sauce, double the amount of creamy mozzarella cheese, and a sprinkle of aromatic basil leaves on a thin and crispy crust. This pizza is a cheese lover's dream, delivering a perfect harmony of flavors. Order our Double Cheese Margherita and treat yourself to a delightful and cheesy indulgence."
  },
  {
    "productId": "06",
    "title": "Royal Cheese Burger",
    "price": 24.0,
    "image01": "/images/product_01.1.jpg",
    "image02": "/images/product_01.jpg",
    "image03": "/images/product_01.3.jpg",
    "category": "Burger",

    "desc": "Experience royalty on a bun with our Royal Cheese Burger. Made with a juicy beef patty, layered with melted cheese, crispy lettuce, fresh tomatoes, and a special sauce, all sandwiched between soft and toasted buns. This burger is a delightful combination of flavors and textures that will satisfy your cravings. Order our Royal Cheese Burger for a truly regal dining experience delivered straight to your door."
  },

  {
    "productId": "07",
    "title": "Seafood Pizza",
    "price": 115.0,
    "image01": "/images/product_2.2.jpg",
    "image02": "/images/product_2.1.jpg",
    "image03": "/images/product_2.3.jpg",
    "category": "Pizza",

    "desc": "Lorem ipsum dolor sit amet consectetur adipisicing elit. Soluta ad et est, fugiat repudiandae neque illo delectus commodi magnam explicabo autem voluptates eaque velit vero facere mollitia. Placeat rem, molestiae error obcaecati enim doloribus impedit aliquam, maiores qui minus neque."
  },

  {
    "productId": "08",
    "title": "Thin Cheese Pizza",
    "price": 110.0,
    "image01": "/images/product_3.2.jpg",
    "image02": "/images/product_3.1.jpg",
    "image03": "/images/product_3.3.jpg",
    "category": "Pizza",

    "desc": "Lorem ipsum dolor sit amet consectetur adipisicing elit. Soluta ad et est, fugiat repudiandae neque illo delectus commodi magnam explicabo autem voluptates eaque velit vero facere mollitia. Placeat rem, molestiae error obcaecati enim doloribus impedit aliquam, maiores qui minus neque."
  },

  {
    "productId": "09",
    "title": "Pizza With Mushroom",
    "price": 110.0,
    "image01": "/images/product_4.3.png",
    "image02": "/images/product_4.1.jpg",
    "image03": "/images/product_4.2.jpg",
    "category": "Pizza",

    "desc": "Lorem ipsum dolor sit amet consectetur adipisicing elit. Soluta ad et est, fugiat repudiandae neque illo delectus commodi magnam explicabo autem voluptates eaque velit vero facere mollitia. Placeat rem, molestiae error obcaecati enim doloribus impedit aliquam, maiores qui minus neque."
  },

  {
    "productId": "10",
    "title": "Classic Hamburger",
    "price": 24.0,
    "image01": "/images/product_08.jpg",
    "image02": "/images/product_04.jpg",
    "image03": "/images/product_09.jpg",
    "category": "Burger",

    "desc": "Savor the juiciness and irresistible flavor of our Chicken Burger. Made with succulent grilled chicken breast, nestled between two soft and toasted buns, and layered with fresh lettuce, tomatoes, and a tangy special sauce."
  },

  {
    "productId": "11",
    "title": "Crunchy Bread ",
    "price": 35.0,
    "image01": "/images/bread(1).png",
    "image02": "/images/bread(2).png",
    "image03": "/images/bread(3).png",
    "category": "Bread",

    "desc": "Lorem ipsum dolor sit amet consectetur adipisicing elit. Soluta ad et est, fugiat repudiandae neque illo delectus commodi magnam explicabo autem voluptates eaque velit vero facere mollitia. Placeat rem, molestiae error obcaecati enim doloribus impedit aliquam, maiores qui minus neque."
  },

  {
    "productId": "12",
    "title": "Delicious Bread ",
    "price": 35.0,
    "image01": "/images/bread(2).png",
    "image02": "/images/bread(1).png",
    "image03": "/images/bread(3).png",
    "category": "Bread",

    "desc": "Lorem ipsum dolor sit amet consectetur adipisicing elit. Soluta ad et est, fugiat repudiandae neque illo delectus commodi magnam explicabo autem voluptates eaque velit vero facere mollitia. Placeat rem, molestiae error obcaecati enim doloribus impedit aliquam, maiores qui minus neque."
  },

  {
    "productId": "13",
    "title": "Loaf Bread ",
    "price": 35.0,
    "image01": "/images/bread(3).png",
    "image02": "/images/bread(2).png",
    "image03": "/images/bread(1).png",
    "category": "Bread",

    "desc": "Lorem ipsum dolor sit amet consectetur adipisicing elit. Soluta ad et est, fugiat repudiandae neque illo delectus commodi magnam explicabo autem voluptates eaque velit vero facere mollitia. Placeat rem, molestiae error obcaecati enim doloribus impedit aliquam, maiores qui minus neque."
  },
  {
    "productId": "14",
    "title": "Hot Pizza",
    "price": 110.0,
    "image01": "/images/product_4.2.jpg",
    "image02": "/images/product_4.1.jpg",
    "image03": "/images/product_4.3.png",
    "category": "Pizza",

    "desc": "Lorem ipsum dolor sit amet consectetur adipisicing elit. Soluta ad et est, fugiat repudiandae neque illo delectus commodi magnam explicabo autem voluptates eaque velit vero facere mollitia. Placeat rem, molestiae error obcaecati enim doloribus impedit aliquam, maiores qui minus neque."
  },
  {
    "productId": "15",
    "title": "Normal Hamburger",
    "price": 24.0,
    "image01": "/images/product_01.3.jpg",
    "image02": "/images/product_08.jpg",
    "image03": "/images/product_04.jpg",
    "category": "Burger",

    "desc": "Experience royalty on a bun with our Royal Cheese Burger. Made with a juicy beef patty, layered with melted cheese, crispy lettuce, fresh tomatoes, and a special sauce, all sandwiched between soft and toasted buns. This burger is a delightful combination of flavors and textures that will satisfy your cravings. Order our Royal Cheese Burger for a truly regal dining experience delivered straight to your door."
  },
  {
    "productId": "16",
    "title": "Cheese Burger",
    "price": 24.0,
    "image01": "/images/product_09.jpg",
    "image02": "/images/product_04.jpg",
    "image03": "/images/product_08.jpg",
    "category": "Burger",

    "desc": "Savor the juiciness and irresistible flavor of our Chicken Burger. Made with succulent grilled chicken breast, nestled between two soft and toasted buns, and layered with fresh lettuce, tomatoes, and a tangy special sauce. This mouthwatering burger is a perfect blend of savory and satisfying, delivering a delightful taste experience. Order our Chicken Burger now and treat yourself to a delicious and fulfilling meal."
  },
  {
    "productId": "17",
    "title": "Special Pizza",
    "price": 110.0,
    "image01": "/images/product_2.3.jpg",
    "image02": "/images/product_4.1.jpg",
    "image03": "/images/product_4.3.png",
    "category": "Pizza",

    "desc": "Lorem ipsum dolor sit amet consectetur adipisicing elit. Soluta ad et est, fugiat repudiandae neque illo delectus commodi magnam explicabo autem voluptates eaque velit vero facere mollitia. Placeat rem, molestiae error obcaecati enim doloribus impedit aliquam, maiores qui minus neque."
  },
  {
    "productId": "18",
    "title": "Green Pizza",
    "price": 110.0,
    "image01": "/images/product_3.3.jpg",
    "image02": "/images/product_4.1.jpg",
    "image03": "/images/product_4.3.png",
    "category": "Pizza",

    "desc": "Indulge in the flavorsome delight of our Vegetarian Pizza. Topped with a medley of garden-fresh vegetables, including bell peppers, mushrooms, onions, and juicy tomatoes, all nestled on a crispy crust smothered with tangy tomato sauce and melted cheese. This vegetarian delight is a perfect choice for those seeking a mouthwatering and satisfying pizza experience. Order our Vegetarian Pizza now and enjoy a burst of veggie goodness delivered right to your doorstep."
  }
]
